Company,Symbol
Jota.pê,Jota.pê
Amen Jr,Amen Jr
Bruna Caram,Bruna Caram
Clav,Clav
Dunamis,Dunamis
Duoderiz,Duoderiz
iCasei,iCasei
Izzy Gordon,Izzy Gordon
Leal Melo,Leal Melo
Lorena Chaves,Lorena Chaves
Mustache E Os Apaches,Mustache E Os Apaches
Zion,Zion
